,Date,symbol,open,high,low,close,Advances,Unchanged,Declines,Total,pct_Adv,pct_Unc,pct_Dec,MA20,MA60,MA200,pct_MA20,pct_MA60,pct_MA200,RSI>70,RSI<30,pct_RSI>70,pct_RSI<30,MACD>0,MACD>Signal,pct_MACD>0,pct_MACD>Signal,New_High_20d,New_High_60d,New_High_250d,New_Low_20d,New_Low_60d,New_Low_250d,pct_New_High_20d,pct_New_High_60d,pct_New_High_250d,pct_New_Low_20d,pct_New_Low_60d,pct_New_Low_250d
379,2022-01-31,SET:SET50,995.90997,1000.29,993.16998,993.28998,24,11,14,50,48.0,22.0,28.0,25,27,28,50.0,54.0,56.0,2,3,4.0,6.0,26,20,52.0,40.0,8,2,1,1,0,0,16.0,4.0,2.0,2.0,0.0,0.0
380,2022-02-01,SET:SET50,1000.29,1001.47,998.06,998.15002,30,7,12,50,60.0,14.0,24.0,29,27,28,58.0,54.0,56.0,1,1,2.0,2.0,26,23,52.0,46.0,2,0,0,0,0,0,4.0,0.0,0.0,0.0,0.0,0.0
381,2022-02-02,SET:SET50,1000.57,1002.07,995.04999,999.78003,21,15,13,50,42.0,30.0,26.0,30,31,29,60.0,62.0,58.0,3,1,6.0,2.0,27,25,54.0,50.0,3,1,0,0,0,0,6.0,2.0,0.0,0.0,0.0,0.0
382,2022-02-03,SET:SET50,996.70001,1002.89,996.70001,1000.18,17,15,17,50,34.0,30.0,34.0,30,29,29,60.0,58.0,58.0,5,1,10.0,2.0,27,25,54.0,50.0,4,3,0,0,0,0,8.0,6.0,0.0,0.0,0.0,0.0
383,2022-02-04,SET:SET50,1002.29,1007.48,1001.5,1003.29,20,12,17,50,40.0,24.0,34.0,29,32,30,58.0,64.0,60.0,5,0,10.0,0.0,26,30,52.0,60.0,4,3,1,1,0,0,8.0,6.0,2.0,2.0,0.0,0.0
384,2022-02-07,SET:SET50,1006.52,1009.21,998.73999,1006.16,26,9,14,50,52.0,18.0,28.0,31,34,31,62.0,68.0,62.0,5,1,10.0,2.0,29,31,58.0,62.0,7,5,3,2,0,0,14.0,10.0,6.0,4.0,0.0,0.0
385,2022-02-08,SET:SET50,1007.91,1012.07,1004.87,1011.5,24,11,14,50,48.0,22.0,28.0,35,34,31,70.0,68.0,62.0,6,2,12.0,4.0,33,32,66.0,64.0,10,6,3,2,1,1,20.0,12.0,6.0,4.0,2.0,2.0
386,2022-02-09,SET:SET50,1015.1,1031.47,1014.16,1029.8,36,11,2,50,72.0,22.0,4.0,41,38,33,82.0,76.0,66.0,12,2,24.0,4.0,34,34,68.0,68.0,23,11,6,1,1,0,46.0,22.0,12.0,2.0,2.0,0.0
387,2022-02-10,SET:SET50,1030.77,1031.72,1024.1,1029.88,19,12,18,50,38.0,24.0,36.0,42,42,34,84.0,84.0,68.0,14,3,28.0,6.0,35,37,70.0,74.0,12,5,4,2,1,0,24.0,10.0,8.0,4.0,2.0,0.0
388,2022-02-11,SET:SET50,1023.33,1029.84,1020.51,1028.14,13,10,26,50,26.0,20.0,52.0,39,37,34,78.0,74.0,68.0,9,3,18.0,6.0,36,38,72.0,76.0,5,3,3,2,2,1,10.0,6.0,6.0,4.0,4.0,2.0
389,2022-02-14,SET:SET50,1024.47,1026.3101,1017.25,1021.09,7,10,32,50,14.0,20.0,64.0,33,35,33,66.0,70.0,66.0,6,4,12.0,8.0,37,35,74.0,70.0,3,1,0,4,3,1,6.0,2.0,0.0,8.0,6.0,2.0
390,2022-02-15,SET:SET50,1023.12,1031.08,1020.02,1029.7,35,3,11,50,70.0,6.0,22.0,37,38,34,74.0,76.0,68.0,5,1,10.0,2.0,38,32,76.0,64.0,3,1,1,2,1,1,6.0,2.0,2.0,4.0,2.0,2.0
391,2022-02-17,SET:SET50,1034.8199,1041.37,1033.83,1035.9399,28,11,10,50,56.0,22.0,20.0,38,39,34,76.0,78.0,68.0,6,2,12.0,4.0,39,32,78.0,64.0,16,9,4,0,0,0,32.0,18.0,8.0,0.0,0.0,0.0
392,2022-02-18,SET:SET50,1033.14,1039.55,1029.61,1035.89,17,11,21,50,34.0,22.0,42.0,35,37,35,70.0,74.0,70.0,9,1,18.0,2.0,38,30,76.0,60.0,5,4,3,2,1,0,10.0,8.0,6.0,4.0,2.0,0.0
393,2022-02-21,SET:SET50,1034.0601,1034.2,1017.46,1019.7,11,5,33,50,22.0,10.0,66.0,30,37,36,60.0,74.0,72.0,3,2,6.0,4.0,38,26,76.0,52.0,7,5,1,1,0,0,14.0,10.0,2.0,2.0,0.0,0.0
394,2022-02-22,SET:SET50,1009.06,1016.98,1005.39,1016.55,10,10,29,50,20.0,20.0,58.0,28,38,33,56.0,76.0,66.0,2,3,4.0,6.0,38,24,76.0,48.0,0,0,0,4,4,2,0.0,0.0,0.0,8.0,8.0,4.0
395,2022-02-23,SET:SET50,1017.27,1024.37,1013.61,1021.68,33,6,10,50,66.0,12.0,20.0,31,40,36,62.0,80.0,72.0,4,3,8.0,6.0,38,26,76.0,52.0,2,1,0,1,1,1,4.0,2.0,0.0,2.0,2.0,2.0
396,2022-02-24,SET:SET50,1014.88,1017.46,1000.02,1004.86,5,2,42,50,10.0,4.0,84.0,18,36,31,36.0,72.0,62.0,0,5,0.0,10.0,39,19,78.0,38.0,2,2,1,9,4,3,4.0,4.0,2.0,18.0,8.0,6.0
397,2022-02-25,SET:SET50,1012.45,1016.23,1007.12,1012.52,35,8,6,50,70.0,16.0,12.0,25,39,32,50.0,78.0,64.0,1,2,2.0,4.0,39,17,78.0,34.0,3,2,0,1,1,1,6.0,4.0,0.0,2.0,2.0,2.0
398,2022-02-28,SET:SET50,1011.95,1020.54,1005.4,1016.58,25,12,12,50,50.0,24.0,24.0,28,39,33,56.0,78.0,66.0,1,3,2.0,6.0,38,16,76.0,32.0,3,3,2,2,1,1,6.0,6.0,4.0,4.0,2.0,2.0
399,2022-03-01,SET:SET50,1022.53,1026.64,1018.87,1021.67,29,5,15,50,58.0,10.0,30.0,29,37,34,58.0,74.0,68.0,3,3,6.0,6.0,37,18,74.0,36.0,7,6,4,1,1,1,14.0,12.0,8.0,2.0,2.0,2.0
400,2022-03-02,SET:SET50,1022.11,1026.04,1017.94,1023.36,17,9,23,50,34.0,18.0,46.0,27,38,34,54.0,76.0,68.0,5,4,10.0,8.0,36,21,72.0,42.0,7,7,4,6,2,2,14.0,14.0,8.0,12.0,4.0,4.0
401,2022-03-03,SET:SET50,1031.04,1034.67,1022.74,1026.15,29,6,14,50,58.0,12.0,28.0,26,37,35,52.0,74.0,70.0,8,4,16.0,8.0,36,20,72.0,40.0,10,10,5,5,4,2,20.0,20.0,10.0,10.0,8.0,4.0
402,2022-03-04,SET:SET50,1020.34,1021.07,1009.68,1009.68,4,7,38,50,8.0,14.0,76.0,20,33,31,40.0,66.0,62.0,4,5,8.0,10.0,35,17,70.0,34.0,5,5,1,9,4,2,10.0,10.0,2.0,18.0,8.0,4.0
403,2022-03-07,SET:SET50,998.91998,999.46002,976.92999,983.58002,3,2,44,50,6.0,4.0,88.0,8,23,29,16.0,46.0,58.0,2,8,4.0,16.0,30,13,60.0,26.0,0,0,0,23,8,5,0.0,0.0,0.0,46.0,16.0,10.0
404,2022-03-08,SET:SET50,981.03998,987.76001,958.08002,982.96997,16,7,26,50,32.0,14.0,52.0,9,22,27,18.0,44.0,54.0,2,10,4.0,20.0,23,12,46.0,24.0,1,1,1,29,16,8,2.0,2.0,2.0,58.0,32.0,16.0
405,2022-03-09,SET:SET50,986.57001,995.07001,975.27002,994.96002,39,8,2,50,78.0,16.0,4.0,13,27,30,26.0,54.0,60.0,2,4,4.0,8.0,24,11,48.0,22.0,3,3,1,2,2,2,6.0,6.0,2.0,4.0,4.0,4.0
406,2022-03-10,SET:SET50,1000.33,1004.53,995.47998,998.40997,27,9,13,50,54.0,18.0,26.0,15,29,30,30.0,58.0,60.0,2,2,4.0,4.0,24,13,48.0,26.0,2,2,0,0,0,0,4.0,4.0,0.0,0.0,0.0,0.0
407,2022-03-11,SET:SET50,995.42999,1006.81,992.15997,1005.31,27,12,10,50,54.0,24.0,20.0,15,28,30,30.0,56.0,60.0,2,1,4.0,2.0,24,15,48.0,30.0,3,3,2,0,0,0,6.0,6.0,4.0,0.0,0.0,0.0
408,2022-03-14,SET:SET50,1003.31,1008.61,1000.12,1008.36,22,10,17,50,44.0,20.0,34.0,18,28,30,36.0,56.0,60.0,2,0,4.0,0.0,24,14,48.0,28.0,2,2,0,0,0,0,4.0,4.0,0.0,0.0,0.0,0.0
409,2022-03-15,SET:SET50,1004.58,1008.78,994.33002,998.71997,9,9,31,50,18.0,18.0,62.0,15,25,29,30.0,50.0,58.0,1,1,2.0,2.0,24,14,48.0,28.0,2,2,1,1,0,0,4.0,4.0,2.0,2.0,0.0,0.0
410,2022-03-16,SET:SET50,1005.67,1012.9,1002.14,1011.95,42,3,4,50,84.0,6.0,8.0,26,29,32,52.0,58.0,64.0,0,0,0.0,0.0,25,17,50.0,34.0,2,2,1,0,0,0,4.0,4.0,2.0,0.0,0.0,0.0
411,2022-03-17,SET:SET50,1018.02,1023.85,1016.81,1019.17,33,13,3,50,66.0,26.0,6.0,33,34,34,66.0,68.0,68.0,1,0,2.0,0.0,26,23,52.0,46.0,4,1,0,0,0,0,8.0,2.0,0.0,0.0,0.0,0.0
412,2022-03-18,SET:SET50,1021.54,1023.14,1015.02,1015.02,12,9,28,50,24.0,18.0,56.0,31,32,32,62.0,64.0,64.0,0,0,0.0,0.0,25,29,50.0,58.0,2,1,0,0,0,0,4.0,2.0,0.0,0.0,0.0,0.0
413,2022-03-21,SET:SET50,1018.09,1019.31,1007.97,1010.88,14,11,24,50,28.0,22.0,48.0,27,28,32,54.0,56.0,64.0,1,0,2.0,0.0,26,26,52.0,52.0,2,1,1,0,0,0,4.0,2.0,2.0,0.0,0.0,0.0
414,2022-03-22,SET:SET50,1009.95,1014.46,1008.5,1012.53,23,6,20,50,46.0,12.0,40.0,29,32,31,58.0,64.0,62.0,1,0,2.0,0.0,26,30,52.0,60.0,2,0,0,0,0,0,4.0,0.0,0.0,0.0,0.0,0.0
415,2022-03-23,SET:SET50,1016.13,1017.42,1008.28,1008.61,12,12,25,50,24.0,24.0,50.0,24,30,30,48.0,60.0,60.0,0,0,0.0,0.0,26,27,52.0,54.0,1,0,0,0,0,0,2.0,0.0,0.0,0.0,0.0,0.0
416,2022-03-24,SET:SET50,1007.67,1014.29,1006.35,1012.34,22,11,16,50,44.0,22.0,32.0,27,30,31,54.0,60.0,62.0,0,0,0.0,0.0,26,27,52.0,54.0,0,0,0,0,0,0,0.0,0.0,0.0,0.0,0.0,0.0
417,2022-03-25,SET:SET50,1013.95,1014.35,1006.35,1008.81,10,15,24,50,20.0,30.0,48.0,25,30,31,50.0,60.0,62.0,0,0,0.0,0.0,28,28,56.0,56.0,1,0,0,0,0,0,2.0,0.0,0.0,0.0,0.0,0.0
418,2022-03-28,SET:SET50,1010.49,1015.65,1008.71,1012.43,30,10,9,50,60.0,20.0,18.0,32,30,33,64.0,60.0,66.0,0,0,0.0,0.0,28,29,56.0,58.0,1,1,0,0,0,0,2.0,2.0,0.0,0.0,0.0,0.0
419,2022-03-29,SET:SET50,1014.63,1018.53,1012.59,1016.8,23,13,13,50,46.0,26.0,26.0,32,30,31,64.0,60.0,62.0,0,0,0.0,0.0,29,29,58.0,58.0,5,3,1,0,0,0,10.0,6.0,2.0,0.0,0.0,0.0
420,2022-03-30,SET:SET50,1019.64,1026.1,1017.18,1022.83,30,9,10,50,60.0,18.0,20.0,35,33,31,70.0,66.0,62.0,0,0,0.0,0.0,31,33,62.0,66.0,7,4,2,1,0,0,14.0,8.0,4.0,2.0,0.0,0.0
421,2022-03-31,SET:SET50,1022.09,1024.41,1017.94,1019.67,12,17,20,50,24.0,34.0,40.0,33,30,32,66.0,60.0,64.0,0,0,0.0,0.0,32,32,64.0,64.0,3,2,0,1,0,0,6.0,4.0,0.0,2.0,0.0,0.0
422,2022-04-01,SET:SET50,1018.2,1024.14,1016.6,1023.66,21,13,15,50,42.0,26.0,30.0,32,31,31,64.0,62.0,62.0,1,0,2.0,0.0,31,32,62.0,64.0,3,1,0,1,0,0,6.0,2.0,0.0,2.0,0.0,0.0
423,2022-04-04,SET:SET50,1025.39,1026.23,1020.19,1022.81,16,18,15,50,32.0,36.0,30.0,30,30,31,60.0,60.0,62.0,2,0,4.0,0.0,31,30,62.0,60.0,4,2,0,0,0,0,8.0,4.0,0.0,0.0,0.0,0.0
424,2022-04-05,SET:SET50,1024.11,1027.0699,1019.37,1021.32,13,13,23,50,26.0,26.0,46.0,29,30,30,58.0,60.0,60.0,1,0,2.0,0.0,30,26,60.0,52.0,4,3,0,0,0,0,8.0,6.0,0.0,0.0,0.0,0.0
425,2022-04-07,SET:SET50,1015.57,1016.32,1002.48,1006.38,2,7,40,50,4.0,14.0,80.0,17,24,29,34.0,48.0,58.0,1,1,2.0,2.0,27,23,54.0,46.0,0,0,0,3,1,0,0.0,0.0,0.0,6.0,2.0,0.0
426,2022-04-08,SET:SET50,1008.22,1010.39,1002.48,1006.33,20,10,19,50,40.0,20.0,38.0,18,22,29,36.0,44.0,58.0,2,1,4.0,2.0,28,22,56.0,44.0,2,2,1,8,0,0,4.0,4.0,2.0,16.0,0.0,0.0
427,2022-04-11,SET:SET50,1003.6,1005.48,998.65997,1002.47,9,7,33,50,18.0,14.0,66.0,12,17,29,24.0,34.0,58.0,1,1,2.0,2.0,23,15,46.0,30.0,1,1,1,7,0,0,2.0,2.0,2.0,14.0,0.0,0.0
428,2022-04-12,SET:SET50,998.53003,1001.18,995.23999,996.53998,12,15,22,50,24.0,30.0,44.0,11,18,26,22.0,36.0,52.0,1,3,2.0,6.0,20,12,40.0,24.0,1,1,1,9,3,0,2.0,2.0,2.0,18.0,6.0,0.0
429,2022-04-18,SET:SET50,991.83002,998.46002,990.37,991.79999,23,9,17,50,46.0,18.0,34.0,15,18,27,30.0,36.0,54.0,1,2,2.0,4.0,18,10,36.0,20.0,1,1,1,8,3,1,2.0,2.0,2.0,16.0,6.0,2.0
430,2022-04-19,SET:SET50,997.53003,999.75,991.53998,991.59003,26,14,9,50,52.0,28.0,18.0,17,19,28,34.0,38.0,56.0,2,2,4.0,4.0,19,12,38.0,24.0,3,3,3,4,2,0,6.0,6.0,6.0,8.0,4.0,0.0
431,2022-04-20,SET:SET50,992.32001,997.94,989.96997,993.94,23,10,16,50,46.0,20.0,32.0,20,20,28,40.0,40.0,56.0,1,2,2.0,4.0,19,15,38.0,30.0,2,1,1,2,1,0,4.0,2.0,2.0,4.0,2.0,0.0
432,2022-04-21,SET:SET50,997.94,1001.89,995.88,998.37,32,9,8,50,64.0,18.0,16.0,21,24,31,42.0,48.0,62.0,2,2,4.0,4.0,20,20,40.0,40.0,3,2,2,0,0,0,6.0,4.0,4.0,0.0,0.0,0.0
433,2022-04-22,SET:SET50,994.51001,996.84998,989.47998,995.79999,11,14,24,50,22.0,28.0,48.0,20,22,31,40.0,44.0,62.0,4,1,8.0,2.0,21,22,42.0,44.0,3,2,2,2,0,0,6.0,4.0,4.0,4.0,0.0,0.0
434,2022-04-25,SET:SET50,987.15002,989.08002,982.53998,983.07001,2,6,41,50,4.0,12.0,82.0,15,19,29,30.0,38.0,58.0,3,2,6.0,4.0,21,22,42.0,44.0,1,0,0,11,3,1,2.0,0.0,0.0,22.0,6.0,2.0
435,2022-04-26,SET:SET50,987.52002,990.65997,981.09003,981.15997,17,6,26,50,34.0,12.0,52.0,16,20,30,32.0,40.0,60.0,3,3,6.0,6.0,20,18,40.0,36.0,6,4,2,7,1,1,12.0,8.0,4.0,14.0,2.0,2.0
436,2022-04-27,SET:SET50,980.90002,982.69,974.85999,978.76001,7,16,26,50,14.0,32.0,52.0,16,18,29,32.0,36.0,58.0,2,6,4.0,12.0,19,13,38.0,26.0,0,0,0,18,8,5,0.0,0.0,0.0,36.0,16.0,10.0
437,2022-04-28,SET:SET50,979.57001,985.21997,977.15997,983.53998,32,8,9,50,64.0,16.0,18.0,18,19,31,36.0,38.0,62.0,2,1,4.0,2.0,18,13,36.0,26.0,4,3,2,3,1,1,8.0,6.0,4.0,6.0,2.0,2.0
438,2022-04-29,SET:SET50,983.66998,989.38,983.25,983.56,20,7,22,50,40.0,14.0,44.0,13,16,31,26.0,32.0,62.0,2,2,4.0,4.0,19,12,38.0,24.0,4,2,1,2,1,0,8.0,4.0,2.0,4.0,2.0,0.0
439,2022-05-03,SET:SET50,983.39001,984.79999,976.78998,979.01001,13,8,28,50,26.0,16.0,56.0,16,18,31,32.0,36.0,62.0,2,2,4.0,4.0,18,13,36.0,26.0,1,1,0,9,4,1,2.0,2.0,0.0,18.0,8.0,2.0
440,2022-05-05,SET:SET50,986.60999,989.40002,976.89001,976.97998,15,6,28,50,30.0,12.0,56.0,15,18,30,30.0,36.0,60.0,2,5,4.0,10.0,18,15,36.0,30.0,4,2,1,14,7,4,8.0,4.0,2.0,28.0,14.0,8.0
441,2022-05-06,SET:SET50,967.76001,972.09998,963.95001,966.78998,4,4,41,50,8.0,8.0,82.0,8,13,29,16.0,26.0,58.0,3,9,6.0,18.0,14,14,28.0,28.0,0,0,0,26,15,6,0.0,0.0,0.0,52.0,30.0,12.0
442,2022-05-09,SET:SET50,964.09003,964.48999,953.46002,954.33002,3,3,43,50,6.0,6.0,86.0,6,12,28,12.0,24.0,56.0,3,14,6.0,28.0,13,14,26.0,28.0,1,1,0,26,17,8,2.0,2.0,0.0,52.0,34.0,16.0
443,2022-05-10,SET:SET50,953.02002,965.48999,948.90002,965.48999,35,4,10,50,70.0,8.0,20.0,10,13,28,20.0,26.0,56.0,2,3,4.0,6.0,11,13,22.0,26.0,0,0,0,18,10,5,0.0,0.0,0.0,36.0,20.0,10.0
444,2022-05-11,SET:SET50,964.17999,965.65997,955.25,961.65997,13,3,33,50,26.0,6.0,66.0,10,14,27,20.0,28.0,54.0,1,6,2.0,12.0,10,12,20.0,24.0,0,0,0,6,3,1,0.0,0.0,0.0,12.0,6.0,2.0
445,2022-05-12,SET:SET50,958.02002,958.72998,945.90002,950.31,8,2,39,50,16.0,4.0,78.0,9,10,27,18.0,20.0,54.0,0,11,0.0,22.0,11,11,22.0,22.0,1,0,0,16,12,4,2.0,0.0,0.0,32.0,24.0,8.0
446,2022-05-13,SET:SET50,955.92999,958.63,949.29999,953.06,23,3,23,50,46.0,6.0,46.0,11,14,28,22.0,28.0,56.0,0,9,0.0,18.0,10,10,20.0,20.0,4,1,1,10,7,3,8.0,2.0,2.0,20.0,14.0,6.0
447,2022-05-17,SET:SET50,961.01001,971.79999,956.03998,970.51001,41,2,6,50,82.0,4.0,12.0,19,15,30,38.0,30.0,60.0,2,2,4.0,4.0,11,15,22.0,30.0,4,0,0,2,2,2,8.0,0.0,0.0,4.0,4.0,4.0
448,2022-05-18,SET:SET50,972.63,979.27002,967.10999,977.01001,34,9,6,50,68.0,18.0,12.0,21,18,33,42.0,36.0,66.0,0,1,0.0,2.0,12,17,24.0,34.0,6,1,1,0,0,0,12.0,2.0,2.0,0.0,0.0,0.0
449,2022-05-19,SET:SET50,964.10999,971.47998,961.58002,966.84003,5,6,38,50,10.0,12.0,76.0,18,15,31,36.0,30.0,62.0,0,1,0.0,2.0,13,19,26.0,38.0,2,1,1,2,1,0,4.0,2.0,2.0,4.0,2.0,0.0
450,2022-05-20,SET:SET50,975.45001,980.31,973.07001,977.35999,37,8,4,50,74.0,16.0,8.0,21,16,31,42.0,32.0,62.0,0,0,0.0,0.0,14,25,28.0,50.0,3,1,1,1,0,0,6.0,2.0,2.0,2.0,0.0,0.0
451,2022-05-23,SET:SET50,981.02002,986.97998,978.40997,986.94,35,12,2,50,70.0,24.0,4.0,27,18,33,54.0,36.0,66.0,1,0,2.0,0.0,16,32,32.0,64.0,3,2,1,0,0,0,6.0,4.0,2.0,0.0,0.0,0.0
452,2022-05-24,SET:SET50,986.94,987.54999,978.75,979.56,6,8,35,50,12.0,16.0,70.0,22,17,31,44.0,34.0,62.0,0,0,0.0,0.0,17,34,34.0,68.0,2,0,0,0,0,0,4.0,0.0,0.0,0.0,0.0,0.0
453,2022-05-25,SET:SET50,983.15997,988.84998,977.13,977.46002,17,8,24,50,34.0,16.0,48.0,20,15,31,40.0,30.0,62.0,0,0,0.0,0.0,18,34,36.0,68.0,3,2,1,3,1,0,6.0,4.0,2.0,6.0,2.0,0.0
454,2022-05-26,SET:SET50,981.26001,985.03003,979.96002,983.09003,36,2,11,50,72.0,4.0,22.0,26,20,32,52.0,40.0,64.0,1,0,2.0,0.0,18,37,36.0,74.0,3,0,0,2,1,0,6.0,0.0,0.0,4.0,2.0,0.0
455,2022-05-27,SET:SET50,990.58002,992.21002,982.59003,987.08002,31,7,11,50,62.0,14.0,22.0,32,21,33,64.0,42.0,66.0,1,0,2.0,0.0,20,37,40.0,74.0,6,1,1,0,0,0,12.0,2.0,2.0,0.0,0.0,0.0
456,2022-05-30,SET:SET50,994.38,998.17999,990.78998,995.88,33,12,4,50,66.0,24.0,8.0,35,26,33,70.0,52.0,66.0,1,0,2.0,0.0,21,40,42.0,80.0,7,2,2,0,0,0,14.0,4.0,4.0,0.0,0.0,0.0
457,2022-05-31,SET:SET50,995.59998,1002.27,992.26001,1002.24,33,7,9,50,66.0,14.0,18.0,41,26,33,82.0,52.0,66.0,3,0,6.0,0.0,25,43,50.0,86.0,6,3,2,0,0,0,12.0,6.0,4.0,0.0,0.0,0.0
458,2022-06-01,SET:SET50,1000.98,1004.63,997.20001,1002.24,12,15,22,50,24.0,30.0,44.0,42,27,33,84.0,54.0,66.0,1,0,2.0,0.0,26,43,52.0,86.0,6,2,1,0,0,0,12.0,4.0,2.0,0.0,0.0,0.0
459,2022-06-02,SET:SET50,999.29999,1000.33,994.25,995.90002,9,9,31,50,18.0,18.0,62.0,42,24,32,84.0,48.0,64.0,1,0,2.0,0.0,27,43,54.0,86.0,2,0,0,0,0,0,4.0,0.0,0.0,0.0,0.0,0.0
460,2022-06-06,SET:SET50,997.63,998.79999,987.91998,995.23999,11,11,27,50,22.0,22.0,54.0,38,24,31,76.0,48.0,62.0,1,0,2.0,0.0,29,44,58.0,88.0,5,4,3,1,1,0,10.0,8.0,6.0,2.0,2.0,0.0
461,2022-06-07,SET:SET50,992.69,993.52002,984.35999,986.07001,5,5,39,50,10.0,10.0,78.0,29,21,31,58.0,42.0,62.0,1,1,2.0,2.0,27,38,54.0,76.0,2,1,0,2,2,0,4.0,2.0,0.0,4.0,4.0,0.0
462,2022-06-08,SET:SET50,990.39001,991.57001,983.94,988.65997,23,14,12,50,46.0,28.0,24.0,31,23,31,62.0,46.0,62.0,2,2,4.0,4.0,26,33,52.0,66.0,4,2,1,1,1,0,8.0,4.0,2.0,2.0,2.0,0.0
463,2022-06-09,SET:SET50,988.71002,995.94,987.87,993.15002,20,14,15,50,40.0,28.0,30.0,31,22,31,62.0,44.0,62.0,3,2,6.0,4.0,26,32,52.0,64.0,8,4,3,1,1,0,16.0,8.0,6.0,2.0,2.0,0.0
464,2022-06-10,SET:SET50,989.69,992.72998,985.84003,987.60999,6,9,34,50,12.0,18.0,68.0,29,21,29,58.0,42.0,58.0,1,2,2.0,4.0,26,25,52.0,50.0,1,0,0,3,1,0,2.0,0.0,0.0,6.0,2.0,0.0
465,2022-06-13,SET:SET50,975.27002,978.03003,967.10999,968.75,1,3,45,50,2.0,6.0,90.0,13,15,25,26.0,30.0,50.0,1,5,2.0,10.0,25,17,50.0,34.0,0,0,0,11,7,1,0.0,0.0,0.0,22.0,14.0,2.0
466,2022-06-14,SET:SET50,968.12,974.12,964.07001,970.69,22,10,17,50,44.0,20.0,34.0,11,15,25,22.0,30.0,50.0,1,5,2.0,10.0,21,11,42.0,22.0,4,2,1,5,4,0,8.0,4.0,2.0,10.0,8.0,0.0
467,2022-06-15,SET:SET50,971.21002,972.10999,962.64001,965.90997,14,6,29,50,28.0,12.0,58.0,12,13,23,24.0,26.0,46.0,0,5,0.0,10.0,18,10,36.0,20.0,3,1,1,9,8,1,6.0,2.0,2.0,18.0,16.0,2.0
468,2022-06-16,SET:SET50,972.17999,973.71002,944.78003,944.90002,0,0,49,50,0.0,0.0,98.0,8,10,20,16.0,20.0,40.0,0,13,0.0,26.0,14,7,28.0,14.0,3,0,0,25,15,5,6.0,0.0,0.0,50.0,30.0,10.0
469,2022-06-17,SET:SET50,941.07001,952.25,936.57001,945.04999,32,7,10,50,64.0,14.0,20.0,9,13,22,18.0,26.0,44.0,0,8,0.0,16.0,14,5,28.0,10.0,0,0,0,24,14,7,0.0,0.0,0.0,48.0,28.0,14.0
470,2022-06-20,SET:SET50,942.82001,950.23999,940.15997,946.34003,24,8,17,50,48.0,16.0,34.0,11,12,22,22.0,24.0,44.0,0,8,0.0,16.0,13,6,26.0,12.0,1,1,0,7,3,1,2.0,2.0,0.0,14.0,6.0,2.0
471,2022-06-21,SET:SET50,952.71002,956.84998,947.15997,954.71002,30,12,7,50,60.0,24.0,14.0,15,16,22,30.0,32.0,44.0,0,6,0.0,12.0,14,8,28.0,16.0,2,0,0,2,2,1,4.0,0.0,0.0,4.0,4.0,2.0
472,2022-06-22,SET:SET50,950.85999,951.83002,939.29999,945.79999,5,9,35,50,10.0,18.0,70.0,13,15,21,26.0,30.0,42.0,0,8,0.0,16.0,14,10,28.0,20.0,0,0,0,10,6,1,0.0,0.0,0.0,20.0,12.0,2.0
473,2022-06-23,SET:SET50,948.14001,948.58002,940.87,943.41998,24,10,15,50,48.0,20.0,30.0,13,15,22,26.0,30.0,44.0,0,8,0.0,16.0,14,11,28.0,22.0,0,0,0,3,2,1,0.0,0.0,0.0,6.0,4.0,2.0
474,2022-06-24,SET:SET50,949.69,951.67999,943.69,950.35999,27,16,6,50,54.0,32.0,12.0,12,18,24,24.0,36.0,48.0,0,4,0.0,8.0,16,14,32.0,28.0,2,1,0,5,3,1,4.0,2.0,0.0,10.0,6.0,2.0
475,2022-06-27,SET:SET50,956.46997,961.87,954.96997,958.71002,33,9,7,50,66.0,18.0,14.0,15,21,24,30.0,42.0,48.0,1,2,2.0,4.0,17,18,34.0,36.0,2,1,0,0,0,0,4.0,2.0,0.0,0.0,0.0,0.0
476,2022-06-28,SET:SET50,958.59003,969.95001,955.47998,968.72998,32,8,9,50,64.0,16.0,18.0,20,22,25,40.0,44.0,50.0,1,2,2.0,4.0,17,24,34.0,48.0,2,2,2,0,0,0,4.0,4.0,4.0,0.0,0.0,0.0
477,2022-06-29,SET:SET50,963.19,965.60999,959.57001,963.08002,7,12,30,50,14.0,24.0,60.0,18,21,23,36.0,42.0,46.0,0,2,0.0,4.0,17,27,34.0,54.0,1,1,1,2,2,1,2.0,2.0,2.0,4.0,4.0,2.0
478,2022-07-01,SET:SET50,953.73999,958.20001,948.88,955.98999,26,14,10,50,52.0,28.0,20.0,19,16,25,38.0,32.0,50.0,0,3,0.0,6.0,16,25,32.0,50.0,0,0,0,6,3,0,0.0,0.0,0.0,12.0,6.0,0.0
479,2022-07-04,SET:SET50,957.04999,959.09003,949.52002,950.84998,7,7,36,50,14.0,14.0,72.0,17,13,22,34.0,26.0,44.0,0,4,0.0,8.0,15,24,30.0,48.0,1,0,0,6,4,1,2.0,0.0,0.0,12.0,8.0,2.0
480,2022-07-05,SET:SET50,955.02002,957.81,941.19,943.48999,7,4,39,50,14.0,8.0,78.0,8,13,22,16.0,26.0,44.0,1,8,2.0,16.0,14,18,28.0,36.0,2,1,1,19,12,4,4.0,2.0,2.0,38.0,24.0,8.0
481,2022-07-06,SET:SET50,943.19,947.33002,936.90002,944.15002,20,13,17,50,40.0,26.0,34.0,12,11,21,24.0,22.0,42.0,1,10,2.0,20.0,13,17,26.0,34.0,2,1,0,17,9,3,4.0,2.0,0.0,34.0,18.0,6.0
482,2022-07-07,SET:SET50,946.14001,956.59003,943.09998,954.84998,40,2,8,50,80.0,4.0,16.0,21,14,24,42.0,28.0,48.0,2,3,4.0,6.0,13,21,26.0,42.0,5,3,1,3,0,0,10.0,6.0,2.0,6.0,0.0,0.0
483,2022-07-08,SET:SET50,959.40997,960.27002,950.81,954.35999,20,8,22,50,40.0,16.0,44.0,20,17,24,40.0,34.0,48.0,2,4,4.0,8.0,13,23,26.0,46.0,5,2,1,1,0,0,10.0,4.0,2.0,2.0,0.0,0.0
484,2022-07-11,SET:SET50,953.03003,955.82001,949.09003,955.75,21,14,15,50,42.0,28.0,30.0,22,18,26,44.0,36.0,52.0,1,4,2.0,8.0,15,25,30.0,50.0,4,2,0,2,1,1,8.0,4.0,0.0,4.0,2.0,2.0
485,2022-07-12,SET:SET50,953.07001,954.76001,945.46002,948.5,7,6,37,50,14.0,12.0,74.0,18,18,24,36.0,36.0,48.0,2,6,4.0,12.0,16,24,32.0,48.0,4,2,1,4,4,2,8.0,4.0,2.0,8.0,8.0,4.0
486,2022-07-14,SET:SET50,946.02002,949.83002,938.28998,942.57001,10,15,25,50,20.0,30.0,50.0,17,14,20,34.0,28.0,40.0,2,5,4.0,10.0,15,22,30.0,44.0,4,3,1,10,6,3,8.0,6.0,2.0,20.0,12.0,6.0
487,2022-07-15,SET:SET50,943.47998,944.21997,929.91998,940.90002,19,15,16,50,38.0,30.0,32.0,16,15,20,32.0,30.0,40.0,3,4,6.0,8.0,15,21,30.0,42.0,1,1,1,12,6,2,2.0,2.0,2.0,24.0,12.0,4.0
488,2022-07-18,SET:SET50,944.45001,949.64001,941.38,947.96002,36,5,9,50,72.0,10.0,18.0,18,17,21,36.0,34.0,42.0,1,2,2.0,4.0,17,25,34.0,50.0,1,1,1,0,0,0,2.0,2.0,2.0,0.0,0.0,0.0
489,2022-07-19,SET:SET50,944.56,945.84998,932.16998,940.27002,14,7,29,50,28.0,14.0,58.0,17,15,19,34.0,30.0,38.0,0,2,0.0,4.0,15,24,30.0,48.0,0,0,0,5,3,1,0.0,0.0,0.0,10.0,6.0,2.0
490,2022-07-20,SET:SET50,945.45001,946.15997,938.34998,941.96002,22,17,11,50,44.0,34.0,22.0,18,14,20,36.0,28.0,40.0,1,1,2.0,2.0,15,26,30.0,52.0,4,1,1,1,0,0,8.0,2.0,2.0,2.0,0.0,0.0
491,2022-07-21,SET:SET50,941.07001,946.96997,938.21997,944.98999,26,12,12,50,52.0,24.0,24.0,22,16,20,44.0,32.0,40.0,0,1,0.0,2.0,15,28,30.0,56.0,1,0,0,2,2,1,2.0,0.0,0.0,4.0,4.0,2.0
492,2022-07-22,SET:SET50,948.57001,952.23999,942.27002,950.20001,31,7,12,50,62.0,14.0,24.0,26,16,21,52.0,32.0,42.0,0,1,0.0,2.0,16,34,32.0,68.0,3,2,0,2,0,0,6.0,4.0,0.0,4.0,0.0,0.0
493,2022-07-25,SET:SET50,950.58002,955.53998,945.60999,953.07001,34,6,10,50,68.0,12.0,20.0,30,15,21,60.0,30.0,42.0,0,1,0.0,2.0,18,34,36.0,68.0,5,1,0,2,0,0,10.0,2.0,0.0,4.0,0.0,0.0
494,2022-07-26,SET:SET50,955.13,956.13,949.35999,950.41998,15,14,21,50,30.0,28.0,42.0,29,18,20,58.0,36.0,40.0,0,1,0.0,2.0,18,34,36.0,68.0,3,1,1,2,0,0,6.0,2.0,2.0,4.0,0.0,0.0
495,2022-07-27,SET:SET50,951.53998,959.03998,947.72998,958.72998,36,9,5,50,72.0,18.0,10.0,37,22,21,74.0,44.0,42.0,0,2,0.0,4.0,19,35,38.0,70.0,4,0,0,1,1,1,8.0,0.0,0.0,2.0,2.0,2.0
496,2022-08-01,SET:SET50,962.56,967.60999,958.52002,965.53003,37,3,10,50,74.0,6.0,20.0,43,27,23,86.0,54.0,46.0,4,0,8.0,0.0,21,38,42.0,76.0,16,4,2,1,0,0,32.0,8.0,4.0,2.0,0.0,0.0
497,2022-08-02,SET:SET50,963.5,968.51001,961.60999,965.65002,15,16,19,50,30.0,32.0,38.0,41,28,23,82.0,56.0,46.0,2,0,4.0,0.0,26,42,52.0,84.0,6,1,0,0,0,0,12.0,2.0,0.0,0.0,0.0,0.0
498,2022-08-03,SET:SET50,965.29999,969.58002,961.59998,967.19,15,20,15,50,30.0,40.0,30.0,42,28,22,84.0,56.0,44.0,0,0,0.0,0.0,29,43,58.0,86.0,3,0,0,1,0,0,6.0,0.0,0.0,2.0,0.0,0.0
499,2022-08-04,SET:SET50,969.83002,971.84998,963.13,967.28998,20,17,13,50,40.0,34.0,26.0,40,30,23,80.0,60.0,46.0,1,0,2.0,0.0,31,42,62.0,84.0,11,3,0,1,0,0,22.0,6.0,0.0,2.0,0.0,0.0
500,2022-08-05,SET:SET50,969.56,970.31,964.09998,969.40997,21,13,16,50,42.0,26.0,32.0,40,30,24,80.0,60.0,48.0,2,0,4.0,0.0,31,40,62.0,80.0,9,3,0,2,0,0,18.0,6.0,0.0,4.0,0.0,0.0
501,2022-08-08,SET:SET50,969.22998,979.06,961.48999,979.06,33,5,12,50,66.0,10.0,24.0,39,36,27,78.0,72.0,54.0,3,0,6.0,0.0,35,38,70.0,76.0,10,2,0,2,1,0,20.0,4.0,0.0,4.0,2.0,0.0
502,2022-08-09,SET:SET50,978.48999,984.79999,975.64001,982.22998,29,15,6,50,58.0,30.0,12.0,41,38,27,82.0,76.0,54.0,4,0,8.0,0.0,38,39,76.0,78.0,19,4,2,0,0,0,38.0,8.0,4.0,0.0,0.0,0.0
503,2022-08-10,SET:SET50,980.67999,983.23999,974.81,983.12,25,9,16,50,50.0,18.0,32.0,43,37,28,86.0,74.0,56.0,4,0,8.0,0.0,39,41,78.0,82.0,8,1,1,0,0,0,16.0,2.0,2.0,0.0,0.0,0.0
504,2022-08-11,SET:SET50,987.14001,987.83002,978.63,985.62,20,16,14,50,40.0,32.0,28.0,41,38,29,82.0,76.0,58.0,7,0,14.0,0.0,40,44,80.0,88.0,18,8,5,0,0,0,36.0,16.0,10.0,0.0,0.0,0.0
505,2022-08-15,SET:SET50,985.66998,990.44,982.39001,986.65002,26,13,11,50,52.0,26.0,22.0,41,39,29,82.0,78.0,58.0,6,0,12.0,0.0,42,41,84.0,82.0,14,4,3,1,1,0,28.0,8.0,6.0,2.0,2.0,0.0
506,2022-08-16,SET:SET50,989.10999,989.96002,983.72998,986.67999,21,9,20,50,42.0,18.0,40.0,40,39,29,80.0,78.0,58.0,5,0,10.0,0.0,42,42,84.0,84.0,11,3,0,0,0,0,22.0,6.0,0.0,0.0,0.0,0.0
507,2022-08-17,SET:SET50,987.75,993.44,985.66998,991.47998,32,10,8,50,64.0,20.0,16.0,41,39,29,82.0,78.0,58.0,10,0,20.0,0.0,43,42,86.0,84.0,12,2,0,2,1,0,24.0,4.0,0.0,4.0,2.0,0.0
508,2022-08-18,SET:SET50,989.84003,991.91998,984.87,989.0,13,18,19,50,26.0,36.0,38.0,41,37,29,82.0,74.0,58.0,9,0,18.0,0.0,43,39,86.0,78.0,5,3,0,0,0,0,10.0,6.0,0.0,0.0,0.0,0.0
509,2022-08-19,SET:SET50,987.09998,989.96997,981.72998,983.34998,9,13,28,50,18.0,26.0,56.0,35,35,27,70.0,70.0,54.0,8,0,16.0,0.0,42,34,84.0,68.0,6,5,1,1,0,0,12.0,10.0,2.0,2.0,0.0,0.0
510,2022-08-22,SET:SET50,981.75,984.0,972.96997,976.20001,2,13,35,50,4.0,26.0,70.0,32,32,26,64.0,64.0,52.0,4,0,8.0,0.0,40,32,80.0,64.0,0,0,0,6,1,0,0.0,0.0,0.0,12.0,2.0,0.0
511,2022-08-23,SET:SET50,975.27002,989.53998,972.28998,987.22998,37,7,6,50,74.0,14.0,12.0,32,35,28,64.0,70.0,56.0,9,0,18.0,0.0,39,29,78.0,58.0,5,3,2,4,1,0,10.0,6.0,4.0,8.0,2.0,0.0
512,2022-08-24,SET:SET50,986.78003,992.72998,982.78998,988.14001,13,14,23,50,26.0,28.0,46.0,32,32,28,64.0,64.0,56.0,8,0,16.0,0.0,37,29,74.0,58.0,10,4,1,4,1,0,20.0,8.0,2.0,8.0,2.0,0.0
513,2022-08-25,SET:SET50,993.38,997.73999,990.79999,995.66998,33,10,7,50,66.0,20.0,14.0,34,33,28,68.0,66.0,56.0,9,0,18.0,0.0,36,30,72.0,60.0,12,9,4,1,0,0,24.0,18.0,8.0,2.0,0.0,0.0
514,2022-08-26,SET:SET50,996.52002,998.53998,990.45001,995.69,16,14,20,50,32.0,28.0,40.0,34,36,28,68.0,72.0,56.0,6,1,12.0,2.0,36,28,72.0,56.0,6,4,1,3,0,0,12.0,8.0,2.0,6.0,0.0,0.0
515,2022-08-29,SET:SET50,982.92999,989.90997,980.15997,985.35999,5,3,42,50,10.0,6.0,84.0,26,30,24,52.0,60.0,48.0,4,1,8.0,2.0,35,23,70.0,46.0,2,1,0,13,3,0,4.0,2.0,0.0,26.0,6.0,0.0
516,2022-08-30,SET:SET50,987.09998,996.27002,984.92999,994.59003,33,10,7,50,66.0,20.0,14.0,29,31,25,58.0,62.0,50.0,6,1,12.0,2.0,34,26,68.0,52.0,6,5,4,4,0,0,12.0,10.0,8.0,8.0,0.0,0.0
517,2022-08-31,SET:SET50,989.33002,998.53003,987.54999,996.33002,24,8,18,50,48.0,16.0,36.0,31,35,27,62.0,70.0,54.0,5,1,10.0,2.0,33,28,66.0,56.0,2,2,2,1,0,0,4.0,4.0,4.0,2.0,0.0,0.0
518,2022-09-01,SET:SET50,993.51001,995.87,981.09998,984.54999,3,2,45,50,6.0,4.0,90.0,25,34,24,50.0,68.0,48.0,2,1,4.0,2.0,32,20,64.0,40.0,3,2,2,5,2,1,6.0,4.0,4.0,10.0,4.0,2.0
519,2022-09-02,SET:SET50,984.56,987.31,976.97998,983.98999,21,8,21,50,42.0,16.0,42.0,23,31,25,46.0,62.0,50.0,1,2,2.0,4.0,31,14,62.0,28.0,2,2,0,4,3,1,4.0,4.0,0.0,8.0,6.0,2.0
520,2022-09-05,SET:SET50,984.57001,984.81,977.33002,982.59003,14,9,27,50,28.0,18.0,54.0,19,29,22,38.0,58.0,44.0,0,5,0.0,10.0,31,11,62.0,22.0,0,0,0,10,6,2,0.0,0.0,0.0,20.0,12.0,4.0
521,2022-09-06,SET:SET50,986.28998,993.75,984.75,990.96997,28,8,14,50,56.0,16.0,28.0,27,32,27,54.0,64.0,54.0,2,4,4.0,8.0,31,10,62.0,20.0,2,2,2,2,1,0,4.0,4.0,4.0,4.0,2.0,0.0
522,2022-09-07,SET:SET50,988.78003,990.58002,983.5,989.33002,15,10,25,50,30.0,20.0,50.0,21,30,26,42.0,60.0,52.0,3,3,6.0,6.0,30,13,60.0,26.0,4,3,2,3,1,1,8.0,6.0,4.0,6.0,2.0,2.0
523,2022-09-08,SET:SET50,993.09003,995.19,985.33002,987.48999,24,6,20,50,48.0,12.0,40.0,26,36,26,52.0,72.0,52.0,2,4,4.0,8.0,30,16,60.0,32.0,9,6,4,4,2,1,18.0,12.0,8.0,8.0,4.0,2.0
524,2022-09-09,SET:SET50,991.42999,996.04999,988.42999,993.47998,28,13,9,50,56.0,26.0,18.0,28,35,28,56.0,70.0,56.0,2,2,4.0,4.0,30,19,60.0,38.0,2,2,1,2,1,1,4.0,4.0,2.0,4.0,2.0,2.0
525,2022-09-12,SET:SET50,997.84003,1004.56,997.20001,1001.19,34,11,5,50,68.0,22.0,10.0,33,39,30,66.0,78.0,60.0,3,0,6.0,0.0,30,24,60.0,48.0,8,7,3,1,0,0,16.0,14.0,6.0,2.0,0.0,0.0
526,2022-09-13,SET:SET50,1003.06,1005.46,998.96997,1001.73,15,9,26,50,30.0,18.0,52.0,35,40,32,70.0,80.0,64.0,4,1,8.0,2.0,32,26,64.0,52.0,4,4,2,1,1,1,8.0,8.0,4.0,2.0,2.0,2.0
527,2022-09-14,SET:SET50,991.85999,998.94,990.41998,996.40997,12,6,32,50,24.0,12.0,64.0,30,38,31,60.0,76.0,62.0,1,3,2.0,6.0,36,24,72.0,48.0,1,0,0,4,2,1,2.0,0.0,0.0,8.0,4.0,2.0
528,2022-09-15,SET:SET50,997.22998,997.96002,988.56,989.03998,5,11,34,50,10.0,22.0,68.0,26,35,29,52.0,70.0,58.0,1,4,2.0,8.0,34,24,68.0,48.0,0,0,0,5,3,2,0.0,0.0,0.0,10.0,6.0,4.0
529,2022-09-16,SET:SET50,986.5,988.07001,979.63,981.41998,7,6,37,50,14.0,12.0,74.0,18,29,29,36.0,58.0,58.0,2,4,4.0,8.0,32,19,64.0,38.0,1,1,1,7,2,1,2.0,2.0,2.0,14.0,4.0,2.0
530,2022-09-19,SET:SET50,982.59003,984.59003,979.34998,981.37,14,14,22,50,28.0,28.0,44.0,17,30,27,34.0,60.0,54.0,3,4,6.0,8.0,27,14,54.0,28.0,1,1,0,11,5,3,2.0,2.0,0.0,22.0,10.0,6.0
531,2022-09-20,SET:SET50,986.70001,990.21997,983.71002,985.65997,26,14,10,50,52.0,28.0,20.0,21,31,26,42.0,62.0,52.0,1,4,2.0,8.0,27,14,54.0,28.0,2,2,1,2,1,0,4.0,4.0,2.0,4.0,2.0,0.0
532,2022-09-21,SET:SET50,986.37,988.62,983.20001,983.42999,9,8,33,50,18.0,16.0,66.0,20,31,26,40.0,62.0,52.0,0,6,0.0,12.0,27,13,54.0,26.0,3,2,0,7,6,4,6.0,4.0,0.0,14.0,12.0,8.0
533,2022-09-22,SET:SET50,981.35999,992.46997,977.65002,989.15002,34,10,6,50,68.0,20.0,12.0,24,31,29,48.0,62.0,58.0,1,6,2.0,12.0,28,13,56.0,26.0,0,0,0,9,5,4,0.0,0.0,0.0,18.0,10.0,8.0
534,2022-09-23,SET:SET50,988.26001,990.72998,980.04999,980.85999,9,4,37,50,18.0,8.0,74.0,20,32,26,40.0,64.0,52.0,0,5,0.0,10.0,31,13,62.0,26.0,2,2,1,5,1,1,4.0,4.0,2.0,10.0,2.0,2.0
535,2022-09-26,SET:SET50,977.79999,978.57001,970.47998,974.90002,8,8,34,50,16.0,16.0,68.0,18,30,24,36.0,60.0,48.0,0,6,0.0,12.0,27,11,54.0,22.0,1,0,0,17,5,4,2.0,0.0,0.0,34.0,10.0,8.0
536,2022-09-27,SET:SET50,975.65002,979.89001,970.95001,972.71002,16,9,25,50,32.0,18.0,50.0,16,28,22,32.0,56.0,44.0,0,7,0.0,14.0,25,7,50.0,14.0,3,1,0,13,6,5,6.0,2.0,0.0,26.0,12.0,10.0
537,2022-09-28,SET:SET50,965.31,969.07001,962.40002,963.75,11,5,34,50,22.0,10.0,68.0,16,24,23,32.0,48.0,46.0,1,10,2.0,20.0,23,7,46.0,14.0,1,1,0,19,8,5,2.0,2.0,0.0,38.0,16.0,10.0
538,2022-09-29,SET:SET50,968.23999,973.21997,954.51001,956.72998,8,10,32,50,16.0,20.0,64.0,13,22,23,26.0,44.0,46.0,0,13,0.0,26.0,21,7,42.0,14.0,1,1,0,14,7,5,2.0,2.0,0.0,28.0,14.0,10.0
539,2022-09-30,SET:SET50,955.62,959.65997,952.51001,954.44,15,12,23,50,30.0,24.0,46.0,10,20,23,20.0,40.0,46.0,0,11,0.0,22.0,19,5,38.0,10.0,1,1,0,15,10,7,2.0,2.0,0.0,30.0,20.0,14.0
540,2022-10-03,SET:SET50,952.76001,956.97998,936.09998,937.54999,2,4,44,50,4.0,8.0,88.0,3,14,19,6.0,28.0,38.0,0,19,0.0,38.0,18,4,36.0,8.0,0,0,0,29,11,6,0.0,0.0,0.0,58.0,22.0,12.0
541,2022-10-04,SET:SET50,948.10999,950.75,939.90002,946.89001,35,6,9,50,70.0,12.0,18.0,6,19,20,12.0,38.0,40.0,0,13,0.0,26.0,16,5,32.0,10.0,0,0,0,10,9,8,0.0,0.0,0.0,20.0,18.0,16.0
542,2022-10-05,SET:SET50,951.78003,953.97998,944.96002,948.33002,23,12,15,50,46.0,24.0,30.0,8,17,20,16.0,34.0,40.0,0,10,0.0,20.0,15,4,30.0,8.0,0,0,0,6,5,2,0.0,0.0,0.0,12.0,10.0,4.0
543,2022-10-06,SET:SET50,951.90002,957.10999,950.09003,950.16998,25,11,14,50,50.0,22.0,28.0,8,18,19,16.0,36.0,38.0,0,9,0.0,18.0,14,5,28.0,10.0,1,1,1,4,3,1,2.0,2.0,2.0,8.0,6.0,2.0
544,2022-10-07,SET:SET50,951.09003,952.52002,941.60999,946.51001,8,14,28,50,16.0,28.0,56.0,10,17,19,20.0,34.0,38.0,0,12,0.0,24.0,13,7,26.0,14.0,0,0,0,7,5,1,0.0,0.0,0.0,14.0,10.0,2.0
545,2022-10-10,SET:SET50,941.53998,943.19,936.07001,940.62,8,7,35,50,16.0,14.0,70.0,6,15,18,12.0,30.0,36.0,0,13,0.0,26.0,13,6,26.0,12.0,0,0,0,17,13,11,0.0,0.0,0.0,34.0,26.0,22.0
546,2022-10-11,SET:SET50,937.98999,940.57001,933.71002,937.21997,13,12,25,50,26.0,24.0,50.0,6,11,17,12.0,22.0,34.0,0,14,0.0,28.0,11,8,22.0,16.0,0,0,0,14,9,7,0.0,0.0,0.0,28.0,18.0,14.0
547,2022-10-12,SET:SET50,938.65997,941.35999,935.14001,937.90997,24,11,15,50,48.0,22.0,30.0,9,15,19,18.0,30.0,38.0,0,12,0.0,24.0,11,8,22.0,16.0,0,0,0,9,7,5,0.0,0.0,0.0,18.0,14.0,10.0
548,2022-10-17,SET:SET50,938.84003,945.27002,931.65997,942.77002,28,10,12,50,56.0,20.0,24.0,14,16,19,28.0,32.0,38.0,0,10,0.0,20.0,11,12,22.0,24.0,2,2,1,16,14,11,4.0,4.0,2.0,32.0,28.0,22.0
549,2022-10-18,SET:SET50,946.35999,956.40002,945.34998,952.84003,35,8,7,50,70.0,16.0,14.0,21,20,21,42.0,40.0,42.0,0,1,0.0,2.0,13,22,26.0,44.0,4,3,0,0,0,0,8.0,6.0,0.0,0.0,0.0,0.0
550,2022-10-19,SET:SET50,954.13,956.92999,949.59003,952.96002,21,14,15,50,42.0,28.0,30.0,19,17,20,38.0,34.0,40.0,0,1,0.0,2.0,14,32,28.0,64.0,1,0,0,1,0,0,2.0,0.0,0.0,2.0,0.0,0.0
551,2022-10-20,SET:SET50,950.21002,962.97998,948.53003,961.71002,32,10,8,50,64.0,20.0,16.0,26,21,22,52.0,42.0,44.0,0,1,0.0,2.0,14,36,28.0,72.0,4,3,1,0,0,0,8.0,6.0,2.0,0.0,0.0,0.0
552,2022-10-21,SET:SET50,959.65002,963.65997,957.79999,961.59998,16,16,18,50,32.0,32.0,36.0,27,20,22,54.0,40.0,44.0,1,1,2.0,2.0,15,41,30.0,82.0,2,2,1,0,0,0,4.0,4.0,2.0,0.0,0.0,0.0
553,2022-10-25,SET:SET50,965.90002,968.65997,962.90002,967.32001,35,4,11,50,70.0,8.0,22.0,32,21,24,64.0,42.0,48.0,3,0,6.0,0.0,18,42,36.0,84.0,8,5,1,0,0,0,16.0,10.0,2.0,0.0,0.0,0.0
554,2022-10-26,SET:SET50,970.17999,971.41998,965.33002,967.34003,17,14,19,50,34.0,28.0,38.0,30,20,21,60.0,40.0,42.0,2,1,4.0,2.0,20,42,40.0,84.0,7,3,1,3,1,0,14.0,6.0,2.0,6.0,2.0,0.0
555,2022-10-27,SET:SET50,969.81,977.20001,967.09003,974.96002,37,6,7,50,74.0,12.0,14.0,39,23,23,78.0,46.0,46.0,2,1,4.0,2.0,23,43,46.0,86.0,10,4,0,1,1,0,20.0,8.0,0.0,2.0,2.0,0.0
556,2022-10-28,SET:SET50,975.34998,978.08002,970.34998,976.57001,12,16,22,50,24.0,32.0,44.0,36,23,23,72.0,46.0,46.0,2,1,4.0,2.0,24,44,48.0,88.0,3,2,2,0,0,0,6.0,4.0,4.0,0.0,0.0,0.0
557,2022-10-31,SET:SET50,982.19,985.17999,976.27002,979.45001,29,4,17,50,58.0,8.0,34.0,40,24,26,80.0,48.0,52.0,2,1,4.0,2.0,24,45,48.0,90.0,14,7,2,0,0,0,28.0,14.0,4.0,0.0,0.0,0.0
558,2022-11-01,SET:SET50,983.0,992.01001,981.58002,989.52002,35,11,4,50,70.0,22.0,8.0,44,28,26,88.0,56.0,52.0,3,0,6.0,0.0,23,45,46.0,90.0,9,2,1,0,0,0,18.0,4.0,2.0,0.0,0.0,0.0
559,2022-11-02,SET:SET50,991.03998,994.96997,987.62,991.47998,18,17,15,50,36.0,34.0,30.0,43,28,26,86.0,56.0,52.0,4,0,8.0,0.0,27,45,54.0,90.0,7,1,0,0,0,0,14.0,2.0,0.0,0.0,0.0,0.0
560,2022-11-03,SET:SET50,988.65997,992.31,986.71997,989.65002,14,9,27,50,28.0,18.0,54.0,44,27,26,88.0,54.0,52.0,4,0,8.0,0.0,32,45,64.0,90.0,5,2,1,0,0,0,10.0,4.0,2.0,0.0,0.0,0.0
561,2022-11-04,SET:SET50,991.58002,997.03003,989.29999,989.77002,19,9,22,50,38.0,18.0,44.0,42,27,24,84.0,54.0,48.0,2,0,4.0,0.0,34,45,68.0,90.0,11,2,1,0,0,0,22.0,4.0,2.0,0.0,0.0,0.0
562,2022-11-07,SET:SET50,993.31,995.52002,984.96997,987.27002,16,9,25,50,32.0,18.0,50.0,39,26,25,78.0,52.0,50.0,3,0,6.0,0.0,33,43,66.0,86.0,12,2,1,2,0,0,24.0,4.0,2.0,4.0,0.0,0.0
563,2022-11-08,SET:SET50,990.22998,996.84998,990.02002,994.83002,34,8,8,50,68.0,16.0,16.0,43,32,25,86.0,64.0,50.0,2,0,4.0,0.0,34,43,68.0,86.0,10,1,0,1,0,0,20.0,2.0,0.0,2.0,0.0,0.0
564,2022-11-09,SET:SET50,994.96002,996.85999,987.54999,989.39001,10,12,28,50,20.0,24.0,56.0,37,26,25,74.0,52.0,50.0,2,0,4.0,0.0,34,42,68.0,84.0,9,1,1,2,0,0,18.0,2.0,2.0,4.0,0.0,0.0
565,2022-11-10,SET:SET50,982.92999,990.29999,981.0,987.63,20,11,19,50,40.0,22.0,38.0,38,27,22,76.0,54.0,44.0,1,0,2.0,0.0,36,38,72.0,76.0,4,3,1,1,0,0,8.0,6.0,2.0,2.0,0.0,0.0
566,2022-11-11,SET:SET50,999.32001,1003.34,994.96002,1001.3,42,6,2,50,84.0,12.0,4.0,43,33,28,86.0,66.0,56.0,4,0,8.0,0.0,36,36,72.0,72.0,19,7,4,1,1,0,38.0,14.0,8.0,2.0,2.0,0.0
567,2022-11-14,SET:SET50,997.42999,1000.05,988.46002,992.15002,10,7,33,50,20.0,14.0,66.0,38,30,26,76.0,60.0,52.0,2,0,4.0,0.0,35,34,70.0,68.0,4,0,0,1,1,0,8.0,0.0,0.0,2.0,2.0,0.0
568,2022-11-15,SET:SET50,993.03998,996.29999,989.20001,992.22998,21,16,13,50,42.0,32.0,26.0,36,32,26,72.0,64.0,52.0,1,0,2.0,0.0,37,32,74.0,64.0,7,0,0,3,1,0,14.0,0.0,0.0,6.0,2.0,0.0
569,2022-11-16,SET:SET50,991.41998,991.66998,981.98999,984.60999,9,9,32,50,18.0,18.0,64.0,30,30,24,60.0,60.0,48.0,0,0,0.0,0.0,35,30,70.0,60.0,0,0,0,1,1,0,0.0,0.0,0.0,2.0,2.0,0.0
570,2022-11-17,SET:SET50,981.81,983.21002,977.46997,980.73999,17,8,25,50,34.0,16.0,50.0,26,29,24,52.0,58.0,48.0,1,1,2.0,2.0,33,27,66.0,54.0,1,1,0,2,1,0,2.0,2.0,0.0,4.0,2.0,0.0
571,2022-11-18,SET:SET50,980.91998,983.54999,977.37,981.62,14,13,23,50,28.0,26.0,46.0,25,28,25,50.0,56.0,50.0,1,0,2.0,0.0,32,23,64.0,46.0,2,1,0,5,1,0,4.0,2.0,0.0,10.0,2.0,0.0
572,2022-11-21,SET:SET50,978.91998,986.34998,976.90997,984.73999,25,13,12,50,50.0,26.0,24.0,30,30,24,60.0,60.0,48.0,1,0,2.0,0.0,32,22,64.0,44.0,0,0,0,2,1,0,0.0,0.0,0.0,4.0,2.0,0.0
573,2022-11-22,SET:SET50,985.15002,991.21997,979.59003,981.96997,19,9,22,50,38.0,18.0,44.0,27,28,23,54.0,56.0,46.0,1,2,2.0,4.0,31,20,62.0,40.0,5,3,2,3,2,1,10.0,6.0,4.0,6.0,4.0,2.0
574,2022-11-23,SET:SET50,985.06,990.16998,983.13,987.84003,25,11,14,50,50.0,22.0,28.0,30,29,23,60.0,58.0,46.0,0,1,0.0,2.0,34,17,68.0,34.0,2,1,1,2,1,0,4.0,2.0,2.0,4.0,2.0,0.0
575,2022-11-24,SET:SET50,991.12,992.12,984.82001,988.13,25,8,17,50,50.0,16.0,34.0,29,33,26,58.0,66.0,52.0,2,2,4.0,4.0,34,17,68.0,34.0,4,1,0,2,1,0,8.0,2.0,0.0,4.0,2.0,0.0
576,2022-11-25,SET:SET50,985.34998,985.84003,980.41998,983.27002,10,12,28,50,20.0,24.0,56.0,24,30,24,48.0,60.0,48.0,0,1,0.0,2.0,33,17,66.0,34.0,1,0,0,1,0,0,2.0,0.0,0.0,2.0,0.0,0.0
577,2022-11-28,SET:SET50,978.90997,982.56,976.28003,979.53003,7,19,24,50,14.0,38.0,48.0,20,31,24,40.0,62.0,48.0,0,2,0.0,4.0,32,16,64.0,32.0,0,0,0,5,1,0,0.0,0.0,0.0,10.0,2.0,0.0
578,2022-11-29,SET:SET50,981.12,987.37,978.46997,986.91998,35,9,6,50,70.0,18.0,12.0,30,32,26,60.0,64.0,52.0,0,2,0.0,4.0,33,18,66.0,36.0,0,0,0,1,0,0,0.0,0.0,0.0,2.0,0.0,0.0
579,2022-11-30,SET:SET50,987.32001,994.47998,983.53003,993.78003,26,13,11,50,52.0,26.0,22.0,34,36,24,68.0,72.0,48.0,1,2,2.0,4.0,36,23,72.0,46.0,8,6,3,0,0,0,16.0,12.0,6.0,0.0,0.0,0.0
580,2022-12-01,SET:SET50,996.85999,997.98999,992.39001,994.35999,27,11,12,50,54.0,22.0,24.0,33,36,26,66.0,72.0,52.0,3,0,6.0,0.0,35,27,70.0,54.0,12,4,1,0,0,0,24.0,8.0,2.0,0.0,0.0,0.0
581,2022-12-02,SET:SET50,993.63,994.21002,985.39001,987.29999,8,6,36,50,16.0,12.0,72.0,27,33,25,54.0,66.0,50.0,0,0,0.0,0.0,36,26,72.0,52.0,3,0,0,2,0,0,6.0,0.0,0.0,4.0,0.0,0.0
582,2022-12-06,SET:SET50,985.73999,986.56,980.06,983.77002,14,11,25,50,28.0,22.0,50.0,26,30,24,52.0,60.0,48.0,1,0,2.0,0.0,34,26,68.0,52.0,5,0,0,8,0,0,10.0,0.0,0.0,16.0,0.0,0.0
583,2022-12-07,SET:SET50,983.25,987.35999,977.78003,978.83002,9,12,29,50,18.0,24.0,58.0,21,30,24,42.0,60.0,48.0,0,1,0.0,2.0,34,21,68.0,42.0,4,2,0,4,2,1,8.0,4.0,0.0,8.0,4.0,2.0
584,2022-12-08,SET:SET50,979.21997,980.26001,972.84003,977.46997,19,14,17,50,38.0,28.0,34.0,22,32,25,44.0,64.0,50.0,1,2,2.0,4.0,31,19,62.0,38.0,2,0,0,9,2,2,4.0,0.0,0.0,18.0,4.0,4.0
585,2022-12-09,SET:SET50,977.90002,983.21997,974.63,979.01001,24,11,15,50,48.0,22.0,30.0,25,31,26,50.0,62.0,52.0,1,1,2.0,2.0,30,21,60.0,42.0,5,1,0,4,1,1,10.0,2.0,0.0,8.0,2.0,2.0
586,2022-12-13,SET:SET50,982.87,984.62,977.14001,981.16998,21,10,19,50,42.0,20.0,38.0,28,31,25,56.0,62.0,50.0,0,1,0.0,2.0,30,21,60.0,42.0,4,2,0,4,1,0,8.0,4.0,0.0,8.0,2.0,0.0
587,2022-12-14,SET:SET50,983.5,987.28003,981.21997,984.70001,33,10,7,50,66.0,20.0,14.0,33,33,27,66.0,66.0,54.0,2,1,4.0,2.0,31,24,62.0,48.0,6,2,0,0,0,0,12.0,4.0,0.0,0.0,0.0,0.0
588,2022-12-15,SET:SET50,983.87,985.33002,975.71997,978.58002,6,10,34,50,12.0,20.0,68.0,28,31,27,56.0,62.0,54.0,3,1,6.0,2.0,30,24,60.0,48.0,4,2,0,3,1,1,8.0,4.0,0.0,6.0,2.0,2.0
589,2022-12-16,SET:SET50,975.34003,980.59998,973.28998,980.23999,25,7,18,50,50.0,14.0,36.0,28,32,28,56.0,64.0,56.0,2,2,4.0,4.0,31,26,62.0,52.0,4,2,0,3,2,2,8.0,4.0,0.0,6.0,4.0,4.0
590,2022-12-19,SET:SET50,979.57001,982.62,975.21997,979.41998,18,8,24,50,36.0,16.0,48.0,27,34,27,54.0,68.0,54.0,2,3,4.0,6.0,31,26,62.0,52.0,8,8,2,3,2,2,16.0,16.0,4.0,6.0,4.0,4.0
591,2022-12-20,SET:SET50,979.79999,980.48999,968.38,973.66998,10,8,32,50,20.0,16.0,64.0,22,32,24,44.0,64.0,48.0,2,2,4.0,4.0,32,19,64.0,38.0,3,3,1,8,3,3,6.0,6.0,2.0,16.0,6.0,6.0
592,2022-12-21,SET:SET50,975.13,975.29999,969.31,973.64001,20,10,20,50,40.0,20.0,40.0,22,29,25,44.0,58.0,50.0,3,3,6.0,6.0,30,19,60.0,38.0,2,2,0,7,3,3,4.0,4.0,0.0,14.0,6.0,6.0
593,2022-12-22,SET:SET50,976.12,978.42999,973.79999,977.85999,29,11,10,50,58.0,22.0,20.0,23,32,26,46.0,64.0,52.0,2,0,4.0,0.0,30,21,60.0,42.0,2,1,0,3,0,0,4.0,2.0,0.0,6.0,0.0,0.0
594,2022-12-23,SET:SET50,974.46997,979.91998,972.89001,978.21002,19,14,17,50,38.0,28.0,34.0,24,31,27,48.0,62.0,54.0,2,1,4.0,2.0,28,19,56.0,38.0,2,2,0,3,1,1,4.0,4.0,0.0,6.0,2.0,2.0
595,2022-12-26,SET:SET50,980.10999,985.47998,979.22998,983.51001,28,14,8,50,56.0,28.0,16.0,26,35,27,52.0,70.0,54.0,2,0,4.0,0.0,28,22,56.0,44.0,2,1,1,0,0,0,4.0,2.0,2.0,0.0,0.0,0.0
596,2022-12-27,SET:SET50,986.71002,998.02002,986.02002,996.07001,46,1,3,50,92.0,2.0,6.0,37,39,29,74.0,78.0,58.0,4,0,8.0,0.0,30,28,60.0,56.0,10,5,3,0,0,0,20.0,10.0,6.0,0.0,0.0,0.0
597,2022-12-28,SET:SET50,996.22998,1002.07,994.17999,1000.54,35,9,6,50,70.0,18.0,12.0,41,39,31,82.0,78.0,62.0,4,0,8.0,0.0,35,34,70.0,68.0,12,7,2,0,0,0,24.0,14.0,4.0,0.0,0.0,0.0
598,2022-12-29,SET:SET50,998.37,1011.44,995.90002,1010.19,38,10,2,50,76.0,20.0,4.0,47,42,33,94.0,84.0,66.0,12,0,24.0,0.0,39,39,78.0,78.0,19,12,3,0,0,0,38.0,24.0,6.0,0.0,0.0,0.0
599,2022-12-30,SET:SET50,1010.12,1014.08,1005.1,1005.24,10,7,33,50,20.0,14.0,66.0,43,39,32,86.0,78.0,64.0,5,0,10.0,0.0,39,39,78.0,78.0,17,11,2,0,0,0,34.0,22.0,4.0,0.0,0.0,0.0
600,2023-01-03,SET:SET50,1009.84,1016.78,1007.95,1013.39,21,7,22,50,42.0,14.0,44.0,41,43,34,82.0,86.0,68.0,6,0,12.0,0.0,42,41,84.0,82.0,9,7,3,0,0,0,18.0,14.0,6.0,0.0,0.0,0.0
601,2023-01-04,SET:SET50,1013.3,1018.7,1005.99,1009.9,25,5,20,50,50.0,10.0,40.0,36,40,35,72.0,80.0,70.0,11,0,22.0,0.0,42,40,84.0,80.0,13,11,6,1,0,0,26.0,22.0,12.0,2.0,0.0,0.0
602,2023-01-05,SET:SET50,1009.94,1011.34,999.82001,1002.46,19,14,17,50,38.0,28.0,34.0,35,39,36,70.0,78.0,72.0,11,0,22.0,0.0,39,39,78.0,78.0,17,16,4,2,0,0,34.0,32.0,8.0,4.0,0.0,0.0
603,2023-01-06,SET:SET50,1003.79,1011.48,1002.84,1007.61,31,7,12,50,62.0,14.0,24.0,36,40,37,72.0,80.0,74.0,11,3,22.0,6.0,39,37,78.0,74.0,15,12,3,4,2,1,30.0,24.0,6.0,8.0,4.0,2.0
604,2023-01-09,SET:SET50,1015.57,1020.24,1014.48,1017.96,33,8,9,50,66.0,16.0,18.0,42,41,41,84.0,82.0,82.0,13,0,26.0,0.0,41,37,82.0,74.0,19,17,5,2,0,0,38.0,34.0,10.0,4.0,0.0,0.0
605,2023-01-10,SET:SET50,1019.61,1020.39,1012.62,1017.02,20,8,22,50,40.0,16.0,44.0,39,42,41,78.0,84.0,82.0,9,0,18.0,0.0,41,37,82.0,74.0,9,7,0,0,0,0,18.0,14.0,0.0,0.0,0.0,0.0
606,2023-01-11,SET:SET50,1017.2,1018.37,1008.59,1011.61,12,8,30,50,24.0,16.0,60.0,34,41,38,68.0,82.0,76.0,8,0,16.0,0.0,41,34,82.0,68.0,4,3,1,1,0,0,8.0,6.0,2.0,2.0,0.0,0.0
607,2023-01-12,SET:SET50,1013.26,1015.1,1006.74,1011.8,18,9,23,50,36.0,18.0,46.0,33,40,40,66.0,80.0,80.0,4,0,8.0,0.0,41,28,82.0,56.0,5,4,1,3,1,0,10.0,8.0,2.0,6.0,2.0,0.0
608,2023-01-13,SET:SET50,1014.31,1016.63,1001.5,1006.49,17,11,22,50,34.0,22.0,44.0,32,39,39,64.0,78.0,78.0,5,0,10.0,0.0,42,26,84.0,52.0,10,5,1,1,0,0,20.0,10.0,2.0,2.0,0.0,0.0
609,2023-01-16,SET:SET50,1009.29,1012.57,1003.5,1007.45,17,11,22,50,34.0,22.0,44.0,32,38,39,64.0,76.0,78.0,5,0,10.0,0.0,39,30,78.0,60.0,2,2,0,0,0,0,4.0,4.0,0.0,0.0,0.0,0.0
610,2023-01-17,SET:SET50,1007.91,1009.95,1002.53,1004.34,11,12,27,50,22.0,24.0,54.0,31,35,39,62.0,70.0,78.0,5,1,10.0,2.0,36,25,72.0,50.0,1,1,0,2,0,0,2.0,2.0,0.0,4.0,0.0,0.0
611,2023-01-18,SET:SET50,1005.34,1010.03,1003.28,1008.22,19,10,21,50,38.0,20.0,42.0,32,36,36,64.0,72.0,72.0,3,1,6.0,2.0,34,21,68.0,42.0,3,1,0,4,1,0,6.0,2.0,0.0,8.0,2.0,0.0
612,2023-01-19,SET:SET50,1005.61,1011.63,1004.83,1010.31,22,12,16,50,44.0,24.0,32.0,33,36,38,66.0,72.0,76.0,0,0,0.0,0.0,34,20,68.0,40.0,1,0,0,1,0,0,2.0,0.0,0.0,2.0,0.0,0.0
613,2023-01-20,SET:SET50,1009.04,1009.82,998.39001,1001.97,6,5,39,50,12.0,10.0,78.0,22,31,36,44.0,62.0,72.0,0,0,0.0,0.0,33,14,66.0,28.0,1,0,0,5,1,1,2.0,0.0,0.0,10.0,2.0,2.0
614,2023-01-23,SET:SET50,1004.42,1010.64,1001.88,1006.08,16,13,21,50,32.0,26.0,42.0,22,33,34,44.0,66.0,68.0,2,0,4.0,0.0,32,12,64.0,24.0,2,2,0,3,0,0,4.0,4.0,0.0,6.0,0.0,0.0
615,2023-01-24,SET:SET50,1009.8,1013.53,1004.93,1005.12,16,17,17,50,32.0,34.0,34.0,25,33,32,50.0,66.0,64.0,1,0,2.0,0.0,31,10,62.0,20.0,1,1,1,4,1,0,2.0,2.0,2.0,8.0,2.0,0.0
616,2023-01-25,SET:SET50,1007.48,1008.75,1002.17,1005.04,22,9,19,50,44.0,18.0,38.0,25,33,33,50.0,66.0,66.0,2,4,4.0,8.0,30,11,60.0,22.0,2,2,2,7,2,1,4.0,4.0,4.0,14.0,4.0,2.0
617,2023-01-26,SET:SET50,1004.97,1006.22,994.82001,997.69,13,4,33,50,26.0,8.0,66.0,21,27,32,42.0,54.0,64.0,0,4,0.0,8.0,29,8,58.0,16.0,0,0,0,12,5,2,0.0,0.0,0.0,24.0,10.0,4.0
618,2023-01-27,SET:SET50,999.53998,1005.32,996.03998,1003.12,33,14,3,50,66.0,28.0,6.0,22,33,32,44.0,66.0,64.0,2,2,4.0,4.0,28,10,56.0,20.0,2,2,1,2,2,2,4.0,4.0,2.0,4.0,4.0,4.0
619,2023-01-30,SET:SET50,1004.06,1005.2,999.29999,1002.72,12,8,30,50,24.0,16.0,60.0,21,32,32,42.0,64.0,64.0,1,2,2.0,4.0,30,11,60.0,22.0,1,1,0,2,1,1,2.0,2.0,0.0,4.0,2.0,2.0
620,2023-01-31,SET:SET50,1002.86,1003.55,992.13,992.95001,6,8,36,50,12.0,16.0,72.0,14,25,31,28.0,50.0,62.0,1,3,2.0,6.0,26,11,52.0,22.0,1,0,0,10,4,2,2.0,0.0,0.0,20.0,8.0,4.0
621,2023-02-01,SET:SET50,996.56,1003.93,995.90997,1002.39,40,5,5,50,80.0,10.0,10.0,22,30,33,44.0,60.0,66.0,1,3,2.0,6.0,26,11,52.0,22.0,1,1,1,3,2,1,2.0,2.0,2.0,6.0,4.0,2.0
622,2023-02-02,SET:SET50,1004.03,1007.11,998.64001,999.10999,11,6,33,50,22.0,12.0,66.0,15,31,33,30.0,62.0,66.0,0,2,0.0,4.0,25,9,50.0,18.0,3,1,0,0,0,0,6.0,2.0,0.0,0.0,0.0,0.0
623,2023-02-03,SET:SET50,999.60999,1005.74,996.94,1004.22,21,16,13,50,42.0,32.0,26.0,18,30,36,36.0,60.0,72.0,1,2,2.0,4.0,27,11,54.0,22.0,3,2,2,1,0,0,6.0,4.0,4.0,2.0,0.0,0.0
624,2023-02-06,SET:SET50,1001.86,1003.32,997.03998,998.63,5,11,34,50,10.0,22.0,68.0,17,27,31,34.0,54.0,62.0,1,2,2.0,4.0,23,13,46.0,26.0,2,1,1,6,2,0,4.0,2.0,2.0,12.0,4.0,0.0
625,2023-02-07,SET:SET50,1000.28,1004.09,995.65002,998.25,10,10,30,50,20.0,20.0,60.0,11,23,29,22.0,46.0,58.0,2,2,4.0,4.0,20,14,40.0,28.0,1,1,1,5,0,0,2.0,2.0,2.0,10.0,0.0,0.0
626,2023-02-08,SET:SET50,1000.64,1001.49,990.31,992.32001,10,10,30,50,20.0,20.0,60.0,10,22,28,20.0,44.0,56.0,1,4,2.0,8.0,18,12,36.0,24.0,1,1,1,8,6,2,2.0,2.0,2.0,16.0,12.0,4.0
627,2023-02-09,SET:SET50,992.03998,994.08002,984.62,991.51001,18,7,25,50,36.0,14.0,50.0,13,19,30,26.0,38.0,60.0,1,5,2.0,10.0,16,9,32.0,18.0,1,1,1,19,8,3,2.0,2.0,2.0,38.0,16.0,6.0
628,2023-02-10,SET:SET50,990.12,992.38,985.45001,989.09998,12,14,24,50,24.0,28.0,48.0,13,20,28,26.0,40.0,56.0,1,5,2.0,10.0,15,10,30.0,20.0,3,3,1,4,3,0,6.0,6.0,2.0,8.0,6.0,0.0
